is fatty streaming tonight,is fatty streaming tonight.
is still fat and boring,is still fat and boring.
lets be real if a girl watch twitch she is fat,lets be real if a girl watch twitch she is fat.
good morning fatty fucks,good morning fatty fucks.
my lab manager is a piece of shit tried to take some of my equipment i need to do my work  and i really screamed at him in front of everyone he also thinks i shoved him because i had to squeeze past his fat arse when he blocked me on the stairs,my lab manager is a piece of shit tried to take some of my equipment i need to do my work  and i really screamed at him in front of everyone he also thinks i shoved him because i had to squeeze past his fat arse when he blocked me on the stairs.
WHERE FAT MAN,WHERE FAT MAN.
you gonna watch fat man or you wanna game,you gonna watch fat man or you wanna game.
if fattys streaming today imam watch him,if fattys streaming today imam watch him.
fuck your fat,fuck your fat.
shut up fatty,shut up fatty.
you would be funnier if you was fat,you would be funnier if you was fat.
WAS UP U FAT CUUUUUUUNT,WAS UP U FAT CUUUUUUUNT.
Take english classes you dumb fat fuck,Take english classes you dumb fat fuck.
play it fatty,play it fatty.
STAY FAT DUDE,STAY FAT DUDE.
GO BACK FAT AGAIN U WERE FUNNIER,GO BACK FAT AGAIN U WERE FUNNIER.
STOP SIPPING YOUR REDBULL LIKE ITS A FAT COCK,STOP SIPPING YOUR REDBULL LIKE ITS A FAT COCK.
EDGY OLD FAT MEN,EDGY OLD FAT MEN.
STOP CRYING FATTY,STOP CRYING FATTY.
stop drinking red bull i thought you fucking stopped u fat fuck,stop drinking red bull i thought you fucking stopped u fat fuck.
kid has money to buy his friends now and brags still a fatass in mums house all day,kid has money to buy his friends now and brags still a fatass in mums house all day.
shut up fat lad trying to listen to the banger,shut up fat lad trying to listen to the banger.
Play the game you fat shit,Play the game you fat shit.
your still fucking fat,your still fucking fat.
STOP BEGGING YOU FAT ,STOP BEGGING YOU FAT .
Music is too loud fatty,Music is too loud fatty.
fatboy,fatboy.
suck my ass,suck my ass.
DO THE OLD FAT GRONKY SOUND,DO THE OLD FAT GRONKY SOUND.
fat again,fat again.
STILL FAT,STILL FAT.
FATASS,FATASS.
YOU WERE FUNNIER WHEN YOU WERE FAT,YOU WERE FUNNIER WHEN YOU WERE FAT.
YOU STILL ARE FAT,YOU STILL ARE FAT.
fat idiot,fat idiot.
FAT CHAD,FAT CHAD.
I cant watch old videos cuz that was when he was fat and it feels like I dont know him,I cant watch old videos cuz that was when he was fat and it feels like I dont know him.
do it fat,do it fat.
After you lost all that weight you became an arrogant bully I miss the old friendly fat,After you lost all that weight you became an arrogant bully I miss the old friendly fat.
Oi fatty your teammate was being nice,Oi fatty your teammate was being nice.
Fat ugly face of yours,Fat ugly face of yours.
the last ditch when he dies from fat cancer,the last ditch when he dies from fat cancer.
Fat ass,Fat ass.
FAT PEOPLE ARE FUNNY,FAT PEOPLE ARE FUNNY.
stop fucking yelling you fat oaf,stop fucking yelling you fat oaf.
Why u dressed like you came out of fat military camp,Why u dressed like you came out of fat military camp.
FAT FAT FAT FAT FAT FAT FAT FAT FAT FAT,FAT FAT FAT FAT FAT FAT FAT FAT FAT FAT.
Looks like FAT aitch,Looks like FAT aitch.
one meal for fat one meal for fat one meal for fat one meal for fat one meal for fat one meal for fat one meal for fat,one meal for fat one meal for fat one meal for fat one meal for fat one meal for fat one meal for fat one meal for fat.
ok american fat,ok american fat.
get it because hes fat,get it because hes fat.
you people dont like coleslaw you fat asses,you people dont like coleslaw you fat asses.
fucking fatties,fucking fatties.
You Fat fuck always looking at food,You Fat fuck always looking at food.
thats why indian peopl are fat af,thats why indian peopl are fat af.
how are us americans fat and these indians arent,how are us americans fat and these indians arent.
indians still not fatter than US,indians still not fatter than US.
get fucked,get fucked.
fuck that guy,fuck that guy.
i really hate these cunts that get lucky when they miss a shot,i really hate these cunts that get lucky when they miss a shot.
WHO THE FUCK PICKED THIS LIL SORR ASS BEAT IM FROM THE UGLY CORNER DOG NOT THESE SOUR ASS STREETS,WHO THE FUCK PICKED THIS LIL SORR ASS BEAT IM FROM THE UGLY CORNER DOG NOT THESE SOUR ASS STREETS.
this motherfucker got a gifted sub and is a newfrog yikesJAM,this motherfucker got a gifted sub and is a newfrog yikesJAM.
fuck your peepos,fuck your peepos.
fuck you,fuck you.
fuck off,fuck off.
fuck off bruv,fuck off bruv.
I fucking hate league,I fucking hate league.
fuck off asshole,fuck off asshole.
fuck ass bitch ass trick ass hoe ass ,fuck ass bitch ass trick ass hoe ass .
because fuck this bot,because fuck this bot.
i fucking hate this bot so much,i fucking hate this bot so much.
youre a sick fuck fet night,youre a sick fuck fet night.
fine fuck you too,fine fuck you too.
Lick your own anus mate,Lick your own anus mate.
hope those fuckers get black llisted ,hope those fuckers get black llisted .
i hate fuck you guys,i hate fuck you guys.
what a fucking weaseling liar,what a fucking weaseling liar.
i know how to fuck ur mom,i know how to fuck ur mom.
dude i fucking hate tryhards in games,dude i fucking hate tryhards in games.
get fucked,get fucked.
savvy one ugly as fuck,savvy one ugly as fuck.
dumb fuck ass,dumb fuck ass.
Go get jobs you bums,Go get jobs you bums.
why get a job when you get five hundred a week to be a degen,why get a job when you get five hundred a week to be a degen.
fuckin bellend phase,fuckin bellend phase.
fuck your fat,fuck your fat.
you could talk to a fucking wall and it wouldd be more entertaining than league streams,you could talk to a fucking wall and it wouldd be more entertaining than league streams.
The motherfucker who gave me a timeout in the chat i am going to find him obliviate his mind fucking give him such a mindblowing scene of just own sympathizing his mind will be blowed in the the zone of what actually can be described as his chat,The motherfucker who gave me a timeout in the chat i am going to find him obliviate his mind fucking give him such a mindblowing scene of just own sympathizing his mind will be blowed in the the zone of what actually can be described as his chat.
fuck you m8,fuck you m8.
Nah codys a bitchs name,Nah codys a bitchs name.
sensitive NA fucks,sensitive NA fucks.
no mate hes a pussy,no mate hes a pussy.
pussy ass beta,pussy ass beta.
SUCH A BITCH,SUCH A BITCH.
SENSITIVE BITCH,SENSITIVE BITCH.
he is actually a bitch,he is actually a bitch.
how the fuck you gonna hand your phone over to a girl you gotta be a fuckin pussy,how the fuck you gonna hand your phone over to a girl you gotta be a fuckin pussy.
that guy has done nothing beneficial but fucking dance in front of you the whole time,that guy has done nothing beneficial but fucking dance in front of you the whole time.
Stop being a beta crossbow bow user fucking pick a real weapon and get in melee range like an alpha,Stop being a beta crossbow bow user fucking pick a real weapon and get in melee range like an alpha.
listen you little floppy eared bastard,listen you little floppy eared bastard.
chat was going so slow I could just read the whole thing man fucking get good simp,chat was going so slow I could just read the whole thing man fucking get good simp.
disgusting bastard,disgusting bastard.
Fat Bastard,Fat Bastard.
dude hes going to fucking die,dude hes going to fucking die.
play slay the spire you fucken loser,play slay the spire you fucken loser.
no fuck that guy,no fuck that guy.
DAMMIT I DONT WANT TO HEAR THAT RETARDS VOIE,DAMMIT I DONT WANT TO HEAR THAT RETARDS VOIE.
wtf is a degen,wtf is a degen.
beat fucking ass,beat fucking ass.
COME BACK YOU FUCK,COME BACK YOU FUCK.
leak some nudes fucking duck,leak some nudes fucking duck.
IM GONNA FUCKING REPORT THIS GUY IF HE RUINS MY RP EXPERIENCE,IM GONNA FUCKING REPORT THIS GUY IF HE RUINS MY RP EXPERIENCE.
DUNGEONS AND DRAGONS IS THE BEST GAME IN THE WORLD FUCK ALL YOU CHAT,DUNGEONS AND DRAGONS IS THE BEST GAME IN THE WORLD FUCK ALL YOU CHAT.
this is fucking sick,this is fucking sick.
get fucked in the ass,get fucked in the ass.
HACKING FUCK,HACKING FUCK.
If any of you say Warcraft you can fuck off,If any of you say Warcraft you can fuck off.
lego batman is a fucking cringe festival,lego batman is a fucking cringe festival.
Its not that hard man Fuck those guys,Its not that hard man Fuck those guys.
fuck chat man baldurs gate is the shit,fuck chat man baldurs gate is the shit.
maybe if they listened to beta testers the game wouldnt have been realeased as a dogshit ass pile of fuck,maybe if they listened to beta testers the game wouldnt have been realeased as a dogshit ass pile of fuck.
JUST FUCKING WATCH IT YOU RTARD,JUST FUCKING WATCH IT YOU RTARD.
fucking furries,fucking furries.
get fucked gay boy,get fucked gay boy.
fuck you,fuck you.
ONLY CRIMINALS PLAY THAT SHIT FUCKING STONER,ONLY CRIMINALS PLAY THAT SHIT FUCKING STONER.
hey kiri fuck u ,hey kiri fuck u .
Yeah i know haha oh wait no i dont cause im a fucking loser with no friends hahahaha,Yeah i know haha oh wait no i dont cause im a fucking loser with no friends hahahaha.
you are a cuck the for fucks sake,you are a cuck the for fucks sake.
you fucking suck at talking to women I can tell by you saying what you're saying,you fucking suck at talking to women I can tell by you saying what you're saying.
hey bitch wanna fuck,hey bitch wanna fuck.
youre being a fucking retarded overthinking it,youre being a fucking retarded overthinking it.
just fuck them and leave them,just fuck them and leave them.
just fucking talk to people u retard,just fucking talk to people u retard.
no chats dumb as fuck,no chats dumb as fuck.
That's fucking creepy as shit,That's fucking creepy as shit.
thats what i said after i fucked this fat chick a few days ago,thats what i said after i fucked this fat chick a few days ago.
speak for yourself you fucking vicunelet,speak for yourself you fucking vicunelet.
You should figure out the secret to the grocery store but the thing is You dont cook so why the fuck are you in the grocery store besides being a creep,You should figure out the secret to the grocery store but the thing is You dont cook so why the fuck are you in the grocery store besides being a creep.
you just talked to him like he was a fucking leper and he tried to hug you,you just talked to him like he was a fucking leper and he tried to hug you.
yeah that shit is cringey as fuck,yeah that shit is cringey as fuck.
shut the fuck up,shut the fuck up.
fucking r tard,fucking r tard.
all e girls want one thing and its honestly fucking disgusting,all e girls want one thing and its honestly fucking disgusting.
he's a fucking idiot,he's a fucking idiot.
holy fuck that dumb ass manbun,holy fuck that dumb ass manbun.
YOU ARE NOT JAPANESE AND U WILL ALWAYS BE A LOSER,YOU ARE NOT JAPANESE AND U WILL ALWAYS BE A LOSER.
imagine watching for gameplay you cunt,imagine watching for gameplay you cunt.
your dads a cunt so you have issues dealing with men and self value,your dads a cunt so you have issues dealing with men and self value.
dumb cunt,dumb cunt.
When I was a kid I hated this little cunt,When I was a kid I hated this little cunt.
i like how no one has banned the german guy talking about raping our mothers and siblings to death,i like how no one has banned the german guy talking about raping our mothers and siblings to death.
you got me to fucking buy a new video card you mother fuck,you got me to fucking buy a new video card you mother fuck.
motherfucker,motherfucker.
Change it mother fucker ,Change it mother fucker .
Welcome to the autism support group,Welcome to the autism support group.
look at this idiot persuaded by to do stupid stuff,look at this idiot persuaded by to do stupid stuff.
real men dont shit idiot,real men dont shit idiot.
no u idiot,no u idiot.
Don't listen to these idiots,Don't listen to these idiots.
you are such an idiot,you are such an idiot.
stupid idiot,stupid idiot.
what a cringe sentence from that person,what a cringe sentence from that person.
seems like youre playing with complete idiots,seems like youre playing with complete idiots.
cause u never had a dad to tell you that youre an idiot,cause u never had a dad to tell you that youre an idiot.
idiot punk kid,idiot punk kid.
lol nice date idiot,lol nice date idiot.
im a stupid idiot haha,im a stupid idiot haha.
i can see that idiots seem to emerge at this time of night,i can see that idiots seem to emerge at this time of night.
welcome back idiot how was your date,welcome back idiot how was your date.
Imagine working for this idiot for free,Imagine working for this idiot for free.
she really said fuck that idiot and went to bed,she really said fuck that idiot and went to bed.
a millionaire that girl is an idiot,a millionaire that girl is an idiot.
buy the drones you idiot,buy the drones you idiot.
then im an idiot cuz this sucks ass lol,then im an idiot cuz this sucks ass lol.
id rather be an idiot than to play this shit,id rather be an idiot than to play this shit.
go to sleep idiot,go to sleep idiot.
You are a pussy,You are a pussy.
okay Place your hand inside both socks  Put your hands together say im an idiot,okay Place your hand inside both socks  Put your hands together say im an idiot.
you dont see retarded you idiots,you dont see retarded you idiots.
hes a fucking idiot,hes a fucking idiot.
its hard for a normal person to understand how a lazy do nothing idiot can make a ton of money,its hard for a normal person to understand how a lazy do nothing idiot can make a ton of money.
yeah fuck the idiots who sub,yeah fuck the idiots who sub.
baldurs gate was one of the first good crpgs lol yall morons talking about xcom and shit,baldurs gate was one of the first good crpgs lol yall morons talking about xcom and shit.
what a fucking moron,what a fucking moron.
just use the savve markers u fuckin moron,just use the savve markers u fuckin moron.
you would have to be a moron to get bad rng there tho,you would have to be a moron to get bad rng there tho.
ITS A DRONE NOT A CHEST MORON CHAT,ITS A DRONE NOT A CHEST MORON CHAT.
fk that moron,fk that moron.
this 30 year old virgin attitude uuf,this 30 year old virgin attitude uuf.
THIS IS VIP GIRLS DAD ARE U VIPING MY DAUGHTER OUT JUST CAUSE SHES GOT BIG TITS IMA FK U UP CALLING TANNER RN,THIS IS VIP GIRLS DAD ARE U VIPING MY DAUGHTER OUT JUST CAUSE SHES GOT BIG TITS IMA FK U UP CALLING TANNER RN.
titty fuck lick my shit,titty fuck lick my shit.
got fat,got fat.
they see a fat bald ginger midget,they see a fat bald ginger midget.
please go live so i dont need to look at this bald ginger fat man on host,please go live so i dont need to look at this bald ginger fat man on host.
Fat ugly,Fat ugly.
U have full money retard,U have full money retard.
ARE YOU RETARDED,ARE YOU RETARDED.
SING RETARD,SING RETARD.
Still better than mentally retarded tatooed freaks autotuning their badtripped unintelligible word sequences,Still better than mentally retarded tatooed freaks autotuning their badtripped unintelligible word sequences.
EZ IS SO FUCKING WORHTLESS OF A CHAMP EZ IS SO FUCKING WORHTLESS OF A CHAMP,EZ IS SO FUCKING WORHTLESS OF A CHAMP EZ IS SO FUCKING WORHTLESS OF A CHAMP.
HOES MAD,HOES MAD.
is talking shit still right now lmao,is talking shit still right now lmao.
stop being dramtic and get this over with,stop being dramtic and get this over with.
Good Luck monkey You got this,Good Luck monkey You got this.
ONLY 1 TOUCHDOWN WHAT A PUSSY IM NOT EVEN PLAYING AND THATS ONLY 1 THAN ME,ONLY 1 TOUCHDOWN WHAT A PUSSY IM NOT EVEN PLAYING AND THATS ONLY 1 THAN ME.
UR SUCH A PUSSY KEKW LUL,UR SUCH A PUSSY KEKW LUL.
has a loose pussy,has a loose pussy.
TURN UP THE MUSIC PUSSY WHAT IS THIS BETA SHIT,TURN UP THE MUSIC PUSSY WHAT IS THIS BETA SHIT.
you need to stfu after first blood youre a pussy beta lol,you need to stfu after first blood youre a pussy beta lol.
ur gf pussy is green,ur gf pussy is green.
youre a bitch i would fuck you mum in real life pussy,youre a bitch i would fuck you mum in real life pussy.
CAN U SHAVE UR FUCKIING SHAVE PUSSY,CAN U SHAVE UR FUCKIING SHAVE PUSSY.
fucking virgins,fucking virgins.
Yall are virgins for typing in here,Yall are virgins for typing in here.
virgin mad because u r hardstuck bronze LMAOO loser mad,virgin mad because u r hardstuck bronze LMAOO loser mad.
is this guy virgin or what,is this guy virgin or what.
shutup bitch,shutup bitch.
shut ur bitch ass up boy,shut ur bitch ass up boy.
in shambles you cucked him and made his role your bitch,in shambles you cucked him and made his role your bitch.
show us your cock show us your cock show us your cock show us your cock show us your cock show us your cock show us your cock,show us your cock show us your cock show us your cock show us your cock show us your cock show us your cock show us your cock.
NOOB ASS BITCH,NOOB ASS BITCH.
Ban this bitch,Ban this bitch.
so many retards in your chat you gotta start ban hammering,so many retards in your chat you gotta start ban hammering.
LMAO is so retarded he ban ppl,LMAO is so retarded he ban ppl.
RETARDS RETARDS RETARDS RETARDS RETARDS RETARDS RETARDS RETARDS RETARDS RETARDS RETARDS RETARDS RETARDS RETARDS RETARDS ,RETARDS RETARDS RETARDS RETARDS RETARDS RETARDS RETARDS RETARDS RETARDS RETARDS RETARDS RETARDS RETARDS RETARDS RETARDS .
THEYRE ACTUALLY RETARDED AHAHAHHA,THEYRE ACTUALLY RETARDED AHAHAHHA.
i agree they are fucking retards,i agree they are fucking retards.
remove from mod spot hes a fucking retarddd,remove from mod spot hes a fucking retarddd.
is just fucking retarded honestly,is just fucking retarded honestly.
This dude is retarded as hell why does he have so many viewers,This dude is retarded as hell why does he have so many viewers.
fuck off kid or else,fuck off kid or else.
lose weight,lose weight.
CARRY THIS SHIT TRYND SHOW HIM WHAT ITS LIKE TO PLAY WITH T1,CARRY THIS SHIT TRYND SHOW HIM WHAT ITS LIKE TO PLAY WITH T1.
You have the coronavirus,You have the coronavirus.
LOL DOM IS DOG SHIT,LOL DOM IS DOG SHIT.
HES SO FUCKING IMMATURE LOOOOOOL,HES SO FUCKING IMMATURE LOOOOOOL.
YOU LOOK SO FUCKING GROSS KEKW,YOU LOOK SO FUCKING GROSS KEKW.
ACTUALLY FUCKING DISABLED,ACTUALLY FUCKING DISABLED.
alright t youre masters but cmon dawg you GREASSSSSY AS FUCK BRO take a shower god damn,alright t youre masters but cmon dawg you GREASSSSSY AS FUCK BRO take a shower god damn.
ok dont get worked up relax u fucking rat,ok dont get worked up relax u fucking rat.
shut the fuck up,shut the fuck up.
I hate u,I hate u.
u fucking losers typing in offline chat like anyone gives a fuck who u r,u fucking losers typing in offline chat like anyone gives a fuck who u r.
toxic fucker,toxic fucker.
autism autism autism autism,autism autism autism autism.
AUTISM OUTBREAK,AUTISM OUTBREAK.
Go wash your hands pig,Go wash your hands pig.
THEY R MENTALLY DISABLED,THEY R MENTALLY DISABLED.
dude can eat a dick,dude can eat a dick.
YOU GOT SHIT ON SO HARD,YOU GOT SHIT ON SO HARD.
Should have flashed haymaker idiot,Should have flashed haymaker idiot.
u played that like shit,u played that like shit.
U ARE TRASH KEKW,U ARE TRASH KEKW.
ur dogshit cuz dont dodge sett w,ur dogshit cuz dont dodge sett w.
YOU FUCKING MONKEY,YOU FUCKING MONKEY.
WHY DIDNT YOU DODGE THEN MORON,WHY DIDNT YOU DODGE THEN MORON.
what a bitch old would not do that,what a bitch old would not do that.
YEAH EXCEPT YOU COULD HAVE GOTTEN SHUTDOWN BUT YOU SUCK,YEAH EXCEPT YOU COULD HAVE GOTTEN SHUTDOWN BUT YOU SUCK.
TOP IS A CANCER HE CAN RUN AWAY,TOP IS A CANCER HE CAN RUN AWAY.
is so dog shit,is so dog shit.
IS FUCKING TRASH,IS FUCKING TRASH.
that comp is cancer,that comp is cancer.
this is actually so terrible,this is actually so terrible.
you cuck,you cuck.
SPAM THESE HOMOS TO HELP WIN PROMOS,SPAM THESE HOMOS TO HELP WIN PROMOS.
YO VOD THIS FUCKING AFTER THE GAME NO FLAME BUT HOW IS THIS REAL BOOSTED ACCOUNT,YO VOD THIS FUCKING AFTER THE GAME NO FLAME BUT HOW IS THIS REAL BOOSTED ACCOUNT.
Lol at these people in chat talking about it's JUST NA Meanwhile youre stuck in your silver 2 promos,Lol at these people in chat talking about it's JUST NA Meanwhile youre stuck in your silver 2 promos.
IM GETTING PISSED JUST WATCHING THIS,IM GETTING PISSED JUST WATCHING THIS.
dogshit,dogshit.
NA DIAMOND IS A FUCKING JOKE,NA DIAMOND IS A FUCKING JOKE.
degenerate,degenerate.
you need medication,you need medication.
HAHAHAHA HES MALD LUL HAHAHAHA HES MALD LUL HAHAHAHA HES MALD LUL,HAHAHAHA HES MALD LUL HAHAHAHA HES MALD LUL HAHAHAHA HES MALD LUL.
shut up you cunt,shut up you cunt.
You can still win you idiot,You can still win you idiot.
has the weakest mental in the world,has the weakest mental in the world.
my girlfriend says u look like ur armpits smell,my girlfriend says u look like ur armpits smell.
LOSER LOSER LOSER LOSER LOSER,LOSER LOSER LOSER LOSER LOSER.
wtf are u talking about imbecile,wtf are u talking about imbecile.
FUKING IDIOTS,FUKING IDIOTS.
FUCK FUCK FUCK FUCK FUCK FUCK FUCK FUCK FUCK FUCK FUCK FUCK FUCK FUCK FUCK FUCK FUCK FUCK FUCK FUCK FUCK FUCK FUCK,FUCK FUCK FUCK FUCK FUCK FUCK FUCK FUCK FUCK FUCK FUCK FUCK FUCK FUCK FUCK FUCK FUCK FUCK FUCK FUCK FUCK FUCK FUCK.
NA DIAMOND BIG JOKE NA DIAMOND BIG JOKE NA DIAMOND BIG JOKE,NA DIAMOND BIG JOKE NA DIAMOND BIG JOKE NA DIAMOND BIG JOKE.
they are braindead losers,they are braindead losers.
shut up u fucking mug,shut up u fucking mug.
no one cares you suck,no one cares you suck.
seriously stop tilting or this is all your fault,seriously stop tilting or this is all your fault.
Holy fuck shut the fuck up,Holy fuck shut the fuck up.
wtf is that piece of shit doing,wtf is that piece of shit doing.
u look beta as hell,u look beta as hell.
weird arse base ball fan,weird arse base ball fan.
Just play you pussy,Just play you pussy.
actually hate the game becuase of ppl like you,actually hate the game becuase of ppl like you.
good luck with those shit team mates,good luck with those shit team mates.
THIS IS SO AIDS FUCKING PLAY,THIS IS SO AIDS FUCKING PLAY.
thats gotta be the worst cringe username ever seen,thats gotta be the worst cringe username ever seen.
now that you are hard intiging and troling the game could you at least spare the time to address that gay sex tape of yours that went viral For starters how can you sit straight,now that you are hard intiging and troling the game could you at least spare the time to address that gay sex tape of yours that went viral For starters how can you sit straight.
well looks like youve been offended 1000 times today because pretty sad if thats the case,well looks like youve been offended 1000 times today because pretty sad if thats the case.
i genuinely hope you get banned,i genuinely hope you get banned.
Honestly you deserve to get banned,Honestly you deserve to get banned.
fuck you,fuck you.
how many drugs did she take this time,how many drugs did she take this time.
titwhore etc etc etc,titwhore etc etc etc.
What a fat bitch,What a fat bitch.
YOUR A FUCKING BITCH,YOUR A FUCKING BITCH.
IS SHE COMING OFF METH CHAT,IS SHE COMING OFF METH CHAT.
PUSH UR TITS UP,PUSH UR TITS UP.
tits are out,tits are out.
tit whore,tit whore.
Say im a tit whore a slut,Say im a tit whore a slut.
are you pregnant,are you pregnant.
STUPID MOTHER FUCKER,STUPID MOTHER FUCKER.
UR FAT,UR FAT.
Fucking whale,Fucking whale.
hey hoe tits looking gorg today,hey hoe tits looking gorg today.
Fuck you dude,Fuck you dude.
all I could notice is your big TITS,all I could notice is your big TITS.
You might get this dick if you keep it up,You might get this dick if you keep it up.
WE ARE ALL JERK OFF,WE ARE ALL JERK OFF.
Hows the diet,Hows the diet.
Who else is beating their meat to milky tits,Who else is beating their meat to milky tits.
Im not idolizing your mediocre pussy Im idolizing those big TITS,Im not idolizing your mediocre pussy Im idolizing those big TITS.
boobs for the viewers,boobs for the viewers.
im squeezing my hog gonna keep doing it even if you ban me,im squeezing my hog gonna keep doing it even if you ban me.
the straights r scary in here,the straights r scary in here.
not white trash enough,not white trash enough.
Who wants to jerk to in the discord,Who wants to jerk to in the discord.
you need to talk like white ghetto trash and smack your gum,you need to talk like white ghetto trash and smack your gum.
are u a porn star,are u a porn star.
you need to talk like white ghetto trash and smack your gum bitch,you need to talk like white ghetto trash and smack your gum bitch.
needs more homophobia,needs more homophobia.
omg the boobs are out today thank god,omg the boobs are out today thank god.
blessed us on Twitter with her huge tits,blessed us on Twitter with her huge tits.
sup you fat smelly bitch,sup you fat smelly bitch.
are you here to jerk off,are you here to jerk off.
ban the gays please,ban the gays please.
Switch to meth or cocaine,Switch to meth or cocaine.
suck a dick or somethin,suck a dick or somethin.
slob on my knob like corn on da cob,slob on my knob like corn on da cob.
say nigga,say nigga.
YOURE CANCELLED YOURE CANCELLED YOURE CANCELLED YOURE CANCELLED YOURE CANCELLED YOURE CANCELLED YOURE CANCELLED YOURE CANCELLED YOURE CANCELLED,YOURE CANCELLED YOURE CANCELLED YOURE CANCELLED YOURE CANCELLED YOURE CANCELLED YOURE CANCELLED YOURE CANCELLED YOURE CANCELLED YOURE CANCELLED.
wanna fck like animals,wanna fck like animals.
suck a brother dick,suck a brother dick.
got ur whore lipstick on huh,got ur whore lipstick on huh.
When will you go to house and fuckk him,When will you go to house and fuckk him.
wish instead of that pipe was my dickk,wish instead of that pipe was my dickk.
I think your lazy eye is sexy fuck them,I think your lazy eye is sexy fuck them.
ill give you 1000 dollars for sucky sucky,ill give you 1000 dollars for sucky sucky.
u suck,u suck.
i really feel sry for u no brain no hobbie no beauty nothing justsome boobs and a big ass that will go saggy after ten years pathatic,i really feel sry for u no brain no hobbie no beauty nothing justsome boobs and a big ass that will go saggy after ten years pathatic.
has it but wont release cause shes homophonic,has it but wont release cause shes homophonic.
i wanna cum on ur tits,i wanna cum on ur tits.
your whole face is fake and very unattractive,your whole face is fake and very unattractive.
i wanna cum on your tits boy,i wanna cum on your tits boy.
The only thing fake about her is her left eye,The only thing fake about her is her left eye.
CAN PORN WITH DEEPTHROAT,CAN PORN WITH DEEPTHROAT.
BEGGING FOR DICKS HERE,BEGGING FOR DICKS HERE.
Yeah I want a gift sub bitch,Yeah I want a gift sub bitch.
you suck at smoking weed,you suck at smoking weed.
nigs,nigs.
i keep trying to cum to you but i just cant do it,i keep trying to cum to you but i just cant do it.
I havent left the boner yet and im watching,I havent left the boner yet and im watching.
go suck cock I dont mine as long you stop smoking weed,go suck cock I dont mine as long you stop smoking weed.
coz ur a tit whore,coz ur a tit whore.
they are fat,they are fat.
Needs to mute the coughing nasty,Needs to mute the coughing nasty.
has the cornollavirus,has the cornollavirus.
Everything about is nasty feminist,Everything about is nasty feminist.
oh shit tits out dicks out,oh shit tits out dicks out.
why dont they have lips,why dont they have lips.
he looks like absolute fucking death,he looks like absolute fucking death.
He only cares about white people and ones who support his delusional ass,He only cares about white people and ones who support his delusional ass.
damn those tits yum,damn those tits yum.
FUCK TRUMP,FUCK TRUMP.
anal whore,anal whore.
Quit eating bats n cats stupid fuks,Quit eating bats n cats stupid fuks.
Im looking at your tits,Im looking at your tits.
we hate Trump,we hate Trump.
his neck looks like a vagina,his neck looks like a vagina.
Those tits make me hawny,Those tits make me hawny.
Trump is full of shit how shocking,Trump is full of shit how shocking.
his ties a bit gay though,his ties a bit gay though.
ye italy is a shithole country,ye italy is a shithole country.
I hope we get wiped out as humans,I hope we get wiped out as humans.
build a wall around china,build a wall around china.
fucking lying carrot,fucking lying carrot.
fuckin dumbass,fuckin dumbass.
hes proud to be keeping all the Chinamen out Clap,hes proud to be keeping all the Chinamen out Clap.
what a freaking moron,what a freaking moron.
acting like she knows anything other than smoking weed all day in her house,acting like she knows anything other than smoking weed all day in her house.
why are we watching this clown,why are we watching this clown.
if traps are gay i dont wanna be straight,if traps are gay i dont wanna be straight.
DAMN SHE IS UGLY,DAMN SHE IS UGLY.
hate this bitch,hate this bitch.
This bitch has low expectations,This bitch has low expectations.
looks drag with that thick warpaint,looks drag with that thick warpaint.
you sound like a methhead right now,you sound like a methhead right now.
LAZY FAT TWAT,LAZY FAT TWAT.
why should anyone get a job just get the scummy asylum seeker to work,why should anyone get a job just get the scummy asylum seeker to work.
The funniest shit about this bitch is that her streaming career cant last forever Then her resume is fucked,The funniest shit about this bitch is that her streaming career cant last forever Then her resume is fucked.
Yall are just a buncha simps her singing sucks,Yall are just a buncha simps her singing sucks.
SUCK MY FUCKING BALLS,SUCK MY FUCKING BALLS.
PEOPLE suck,PEOPLE suck.
i wanna see u out of poop fuck the haters,i wanna see u out of poop fuck the haters.
let my friend zenbob suck your ass,let my friend zenbob suck your ass.
i want to suck a fart out ur butt,i want to suck a fart out ur butt.
FUCK ALLAH FUCK TURKISH KEBAB,FUCK ALLAH FUCK TURKISH KEBAB.
Im pretty sure this is the weirdest fucking thing Ive ever seen,Im pretty sure this is the weirdest fucking thing Ive ever seen.
fuck you,fuck you.
fucking bitch,fucking bitch.
FUCK ALLAH FUCK KEBABS,FUCK ALLAH FUCK KEBABS.
how many rekin have you fucked,how many rekin have you fucked.
youre fucking ass,youre fucking ass.
All ya all are fuckin simps,All ya all are fuckin simps.
fuck your ass,fuck your ass.
hey mods shes never gonna fuck you,hey mods shes never gonna fuck you.
can i fuck ur boobs,can i fuck ur boobs.
no shit u dumb idiot,no shit u dumb idiot.
YOU have black shit in the corner of ur eye,YOU have black shit in the corner of ur eye.
Stop using that shit your too pastey,Stop using that shit your too pastey.
Damn ten thousand views for this horse shit,Damn ten thousand views for this horse shit.
Massive hoe,Massive hoe.
Im in your area I know the first three numbers Im in When you come out Your shit is gone,Im in your area I know the first three numbers Im in When you come out Your shit is gone.
do a shit in the swimming pool fucking gays,do a shit in the swimming pool fucking gays.
watching this trass ass shit,watching this trass ass shit.
WHOLE LOTTA CRACKHEAD SHIT,WHOLE LOTTA CRACKHEAD SHIT.
how mad do you have to be to not just leave but say that to a chat who doesnt care about your shit opinion,how mad do you have to be to not just leave but say that to a chat who doesnt care about your shit opinion.
The Turkish guys arent rude they are just honest They are saying what tha hell they feel unlike you sneaky shits,The Turkish guys arent rude they are just honest They are saying what tha hell they feel unlike you sneaky shits.
shit my big ass,shit my big ass.
Whoever watches this shit is weird as hell Shes just whispering into a mic,Whoever watches this shit is weird as hell Shes just whispering into a mic.
i hate you LUL,i hate you LUL.
u got small dicck,u got small dicck.
wtf doing uber means u hate ur life smh,wtf doing uber means u hate ur life smh.
shes practically fucking that thing,shes practically fucking that thing.
ALL TURKISH BOYS FUCQ YOU HATERS,ALL TURKISH BOYS FUCQ YOU HATERS.
you turkish fucks,you turkish fucks.
FUCK THE TURKS,FUCK THE TURKS.
SPEAK ENGLISH YOU DAMN TURKS,SPEAK ENGLISH YOU DAMN TURKS.
we need admin here enough of turkish jihadis,we need admin here enough of turkish jihadis.
TurksEatMyDick,TurksEatMyDick.
fuckin turks,fuckin turks.
why dont you go get a spoon Watching you eating it with sticks hurts my eyes,why dont you go get a spoon Watching you eating it with sticks hurts my eyes.
gay turks,gay turks.
fuck muslims,fuck muslims.
Who s watching this wtf is this,Who s watching this wtf is this.
english only dipshits,english only dipshits.
whats up with al this turkish shit,whats up with al this turkish shit.
all really sub to this shit lmfaooooooooo,all really sub to this shit lmfaooooooooo.
SUCK YOUR MUM,SUCK YOUR MUM.
TURKISH CUCKROACK,TURKISH CUCKROACK.
can u stand up and tur around,can u stand up and tur around.
not too boring to you to make streams to fifteen years old animefans and make asmr,not too boring to you to make streams to fifteen years old animefans and make asmr.
can you show your twins babe,can you show your twins babe.
hey can u take toys on ur behind,hey can u take toys on ur behind.
I want to eat your poop in the pool,I want to eat your poop in the pool.
fap time,fap time.
is she drunk,is she drunk.
That ass is eating that bathing suit,That ass is eating that bathing suit.
sit on his face,sit on his face.
She should just live in Vegas and hook,She should just live in Vegas and hook.
she might have the voice of a man but my god she has the body of a prized heifer,she might have the voice of a man but my god she has the body of a prized heifer.
why are the turks invading,why are the turks invading.
late night one hand typing in turkey lol,late night one hand typing in turkey lol.
the fuck is up with all these kebab abusers,the fuck is up with all these kebab abusers.
how many of you wants to be the bull rn,how many of you wants to be the bull rn.
what girls do for money,what girls do for money.
fuck your ass,fuck your ass.
she can ride it good,she can ride it good.
she know how to ride,she know how to ride.
love you boobs and body,love you boobs and body.
how is she not banned lmfao,how is she not banned lmfao.
I want her to fall over soo bad,I want her to fall over soo bad.
This is pathetic,This is pathetic.
Most Turks in chat are gay,Most Turks in chat are gay.
FUCK ALLAH FUCK TURKISH KEBAB,FUCK ALLAH FUCK TURKISH KEBAB.
WHY ARE THERE SO MUCH TURK IN CHAT,WHY ARE THERE SO MUCH TURK IN CHAT.
Happy Turks are proud gay,Happy Turks are proud gay.
im a turkish solider im gonna bomb on your mom pussssyyyyyyy,im a turkish solider im gonna bomb on your mom pussssyyyyyyy.
are those real or fake asking for science,are those real or fake asking for science.
men think with their dicks,men think with their dicks.
show ur asssssss,show ur asssssss.
this chat is horribld,this chat is horribld.
you prob got all these little boys beatin theyre right now,you prob got all these little boys beatin theyre right now.
Youre so hot i dont know what are u doing This people is starving for woman omg,Youre so hot i dont know what are u doing This people is starving for woman omg.
get naked,get naked.
Lets see that ass yo,Lets see that ass yo.
Stop using that shit your too pastey,Stop using that shit your too pastey.
Put in your azz,Put in your azz.
I wanna nut in u,I wanna nut in u.
can i fuck ur boobs,can i fuck ur boobs.
My mom is dead,My mom is dead.
My dad is dead,My dad is dead.
youre boobs are too big,youre boobs are too big.
worst dancing ever,worst dancing ever.
how big her dicc,how big her dicc.
Can you pass me coronavirus,Can you pass me coronavirus.
Is this charubate,Is this charubate.
Ima pull that long black train on chat yall sum clowns,Ima pull that long black train on chat yall sum clowns.
shes fully sick,shes fully sick.
this isnt brazzers,this isnt brazzers.
the bald guy is probably a pedo,the bald guy is probably a pedo.
corrona sales down because idiots,corrona sales down because idiots.
ok then corrona sales up because idiots,ok then corrona sales up because idiots.
you mispelled idiots ,you mispelled idiots .
im not a bubbly cancerous cunt so what do i do,im not a bubbly cancerous cunt so what do i do.
I dont want to be a dumb cunt,I dont want to be a dumb cunt.
I AM A CUNT ,I AM A CUNT .
Thousands of cunts,Thousands of cunts.
three months time and not again name describes this comment dumb cunts,three months time and not again name describes this comment dumb cunts.
She just called us cunts and left,She just called us cunts and left.
boys that have never been with a women comment on stupid shit,boys that have never been with a women comment on stupid shit.
the thing this dog wont understand that he is stupid untill he dies,the thing this dog wont understand that he is stupid untill he dies.
she is fat and stupid but beautiful,she is fat and stupid but beautiful.
it looks like that stupid,it looks like that stupid.
baby metal is stupid,baby metal is stupid.
this is the most stupid shit ever lol,this is the most stupid shit ever lol.
stupid humans,stupid humans.
Fuck yourself you stupid shit,Fuck yourself you stupid shit.
fucking beta simp chat,fucking beta simp chat.
fucking bots,fucking bots.
never trust those fucking bots shudders and flashes back to mute,never trust those fucking bots shudders and flashes back to mute.
Hey chat will u fuck me,Hey chat will u fuck me.
i slutshame slutts that i fuck,i slutshame slutts that i fuck.
how do you keep up with this fucking chat,how do you keep up with this fucking chat.
Fuck cowboys,Fuck cowboys.
Fuck yourself,Fuck yourself.
fucking incels,fucking incels.
Wanna make money on twitch Show tits be a top tier gamer or be funny as fuck End of,Wanna make money on twitch Show tits be a top tier gamer or be funny as fuck End of.
fuck shoes and sluts Tru story,fuck shoes and sluts Tru story.
What a bunch of assholes,What a bunch of assholes.
that sounds fucking horrible,that sounds fucking horrible.
sounds like a bunch of assholes,sounds like a bunch of assholes.
Sounds like a real bunch of asshole jerks,Sounds like a real bunch of asshole jerks.
some people are dumb like that,some people are dumb like that.
FUCK YOU ,FUCK YOU .
FUCK HER FOR US,FUCK HER FOR US.
My best memories are when I attempted suicide thats completely fair,My best memories are when I attempted suicide thats completely fair.
I want to fucking die now,I want to fucking die now.
NO FUCKING WONDER SHES INSANE,NO FUCKING WONDER SHES INSANE.
Shut the fuck up about the TOS,Shut the fuck up about the TOS.
I fuckin hate how that word got spreader around like aids,I fuckin hate how that word got spreader around like aids.
What the fuck did she just say,What the fuck did she just say.
bimboretard,bimboretard.
Universal Dumbasss,Universal Dumbasss.
Dumb bitch,Dumb bitch.
no u dumbass Lmao,no u dumbass Lmao.
dumb woman smoking ash,dumb woman smoking ash.
she dumb,she dumb.
bro u dumb,bro u dumb.
take another hit dumb bimbo,take another hit dumb bimbo.
fatty fatty fatty fatty,fatty fatty fatty fatty.
who tf are u you little bitch,who tf are u you little bitch.
Ur not even hittin that bitch,Ur not even hittin that bitch.
move bitch,move bitch.
this guy is crack hate him,this guy is crack hate him.
youre the only lil bitch here kid,youre the only lil bitch here kid.
What a bitch,What a bitch.
i HATE this woman,i HATE this woman.
finger the bitch,finger the bitch.
miserable ugly,miserable ugly.
reminds me of the crazy bitch from the dalmations film,reminds me of the crazy bitch from the dalmations film.
why is this bitch bouncing up and down its sexually sugestive,why is this bitch bouncing up and down its sexually sugestive.
WHAT THE FUCK IS THIS FACINATION WITH BITCHES WANTING TO BE CATS,WHAT THE FUCK IS THIS FACINATION WITH BITCHES WANTING TO BE CATS.
NO KICK THE BITCH,NO KICK THE BITCH.
what a nasty bitch,what a nasty bitch.
DONT VOTE FOR THAT CRINGY BITCH,DONT VOTE FOR THAT CRINGY BITCH.
nobody cares u fucking cringe bitch,nobody cares u fucking cringe bitch.
suck a bitch dick,suck a bitch dick.
these bitches are so young,these bitches are so young.
Bitch must had it coming,Bitch must had it coming.
I hate him,I hate him.
GOOD ONE BITCH,GOOD ONE BITCH.
this bitch boring af,this bitch boring af.
fuckin idiot,fuckin idiot.
so boring this bitch,so boring this bitch.
IDIOT LOSER,IDIOT LOSER.
your mom is a fps fat poopy and stupid,your mom is a fps fat poopy and stupid.
curb stomp the bitch,curb stomp the bitch.
TOXIC BITCH,TOXIC BITCH.
say bitch what back the fuck up thats my man,say bitch what back the fuck up thats my man.
Tolerancy What an idiot,Tolerancy What an idiot.
stop making an idiot out of yourself,stop making an idiot out of yourself.
morons get stressed,morons get stressed.
his exposure is so high its lagging his framerate what a moron,his exposure is so high its lagging his framerate what a moron.
MOVE UR FUCKING CAM PLEASE,MOVE UR FUCKING CAM PLEASE.
THIS IS BORING AS HELL,THIS IS BORING AS HELL.
is a fucking cunt,is a fucking cunt.
shes fat,shes fat.
fat monkey,fat monkey.
i hate when people come in this chat just to spam random shit,i hate when people come in this chat just to spam random shit.
I hate this girl,I hate this girl.
let me smell your asshole,let me smell your asshole.
You JERKS,You JERKS.
a classic bitch,a classic bitch.
dont be a simp,dont be a simp.
Just get on with the game noob,Just get on with the game noob.
learn to play noob,learn to play noob.
SHUT UP NOOBS,SHUT UP NOOBS.
shut up pleb,shut up pleb.
every one needs to shut up and let choose,every one needs to shut up and let choose.
Why doesnt he add more sub emotes,Why doesnt he add more sub emotes.
how much silver have you bought dusk,how much silver have you bought dusk.
Im pretty sure there were streamer houses that were like that too besides what ice has done,Im pretty sure there were streamer houses that were like that too besides what ice has done.
what ever happened to that cx network version of twitch chat,what ever happened to that cx network version of twitch chat.
not the message stream,not the message stream.
streaks dont even matter anymore,streaks dont even matter anymore.
do you know if permits are gone forever,do you know if permits are gone forever.
I assumed it had to due with the bot getting reset,I assumed it had to due with the bot getting reset.
wait how do you check logs,wait how do you check logs.
i think i got perm once but it gt removed nearly instantly for some reason,i think i got perm once but it gt removed nearly instantly for some reason.
I guess I need to pogchamp more of his silver league plays,I guess I need to pogchamp more of his silver league plays.
anyone wanna play rainbow six,anyone wanna play rainbow six.
dusk that was about something else,dusk that was about something else.
I totally understand yeah,I totally understand yeah.
same thing happened to me,same thing happened to me.
maybe its just another one of those days like yesterday,maybe its just another one of those days like yesterday.
yep dude its been one of those days since monday,yep dude its been one of those days since monday.
youll be fine tomorrow,youll be fine tomorrow.
you literally have a spare rations with a good roll,you literally have a spare rations with a good roll.
Is he gonna stream batting cages,Is he gonna stream batting cages.
ya i dont think having rods put in my shoulder and arm equal to a broken wrist,ya i dont think having rods put in my shoulder and arm equal to a broken wrist.
i want to watch this game,i want to watch this game.
he doesnt think its gonna be streamed,he doesnt think its gonna be streamed.
Where are they going,Where are they going.
i can give u some money if u want,i can give u some money if u want.
are you broke now,are you broke now.
i farmed hundred thousand points with my gifted sub,i farmed hundred thousand points with my gifted sub.
that is unacceptable,that is unacceptable.
league is his only content,league is his only content.
yeah sure if ya wanna take a nap,yeah sure if ya wanna take a nap.
i hate playing the game but i enjoy watching it,i hate playing the game but i enjoy watching it.
i dont know how they are doing it,i dont know how they are doing it.
ffs i want to stay awake for the irl stream but idk if its happening today,ffs i want to stay awake for the irl stream but idk if its happening today.
he doesnt update because he probably doesnt know himself if he goes live or not,he doesnt update because he probably doesnt know himself if he goes live or not.
you mean the one that mined bitcoin or was there another one,you mean the one that mined bitcoin or was there another one.
mixer has clips now now they just have to get content worth clipping,mixer has clips now now they just have to get content worth clipping.
good for him in mixer he has a bigger chance than youtube i think,good for him in mixer he has a bigger chance than youtube i think.
if i dont twitch prime today does it keep my streak,if i dont twitch prime today does it keep my streak.
u get the same badge,u get the same badge.
nah it changed like a year ago,nah it changed like a year ago.
best region in every game,best region in every game.
hes probably not going live today,hes probably not going live today.
my first account got banned like four years ago,my first account got banned like four years ago.
I believe one day we will have wide sub emotes,I believe one day we will have wide sub emotes.
theres a guy with a wide hamster emote,theres a guy with a wide hamster emote.
in real life i have a seventy win percentage at pool,in real life i have a seventy win percentage at pool.
he should get all the old sub emotes back,he should get all the old sub emotes back.
they were good,they were good.
I lost my main account that i used back in school,I lost my main account that i used back in school.
also i think twitch is going to make sub gif emotes next twitchcon,also i think twitch is going to make sub gif emotes next twitchcon.
any good shows on netflix,any good shows on netflix.
it was too easy for me to give you a rematch,it was too easy for me to give you a rematch.
all these emotes are good,all these emotes are good.
i farmed black armory for like two hours,i farmed black armory for like two hours.
I should farm more stats though,I should farm more stats though.
four times this guy missed easy shots and he snookered me when i was on the black,four times this guy missed easy shots and he snookered me when i was on the black.
then i potted the black and white in the most insane way,then i potted the black and white in the most insane way.
i do not associate with him,i do not associate with him.
im not laughing,im not laughing.
i can hear him laughing in his room,i can hear him laughing in his room.
hes laughing so hard,hes laughing so hard.
next season is like like two weeks or something,next season is like like two weeks or something.
i know your in a call with him,i know your in a call with him.
i havent played league in three days,i havent played league in three days.
what are u guys doing im so bored just waiting for any updates from ,what are u guys doing im so bored just waiting for any updates from .
hes not streaming the batting cage he left at six thirty with  and  said they prob wont be streamin it so either  was right or it takes ages to get to the cage,hes not streaming the batting cage he left at six thirty with  and  said they prob wont be streamin it so either  was right or it takes ages to get to the cage.
are all u guys from NA,are all u guys from NA.
is he doing the IRL,is he doing the IRL.
trump made a response today,trump made a response today.
he put the vp in charge,he put the vp in charge.
no my account is good,no my account is good.
he doesnt know about the server,he doesnt know about the server.
i mean im talking about the one year sub,i mean im talking about the one year sub.
conor is a good name for a girl,conor is a good name for a girl.
Im so funny right,Im so funny right.
It was like thick fog but it was all smoke,It was like thick fog but it was all smoke.
alright good night boys hopefully the irl is happening this week anyway,alright good night boys hopefully the irl is happening this week anyway.
narcos is pretty much the only good thing,narcos is pretty much the only good thing.
did u watch power on netflix,did u watch power on netflix.
I just realised its my birthday,I just realised its my birthday.
i just ate something hot,i just ate something hot.
your ass is gonna be numb too,your ass is gonna be numb too.
This would obviously not work when your bot isnt connected but if you could log bans you could use that to ban users from rl too,This would obviously not work when your bot isnt connected but if you could log bans you could use that to ban users from rl too.
im not going to hardcode user bans im just making sure the filter works right now,im not going to hardcode user bans im just making sure the filter works right now.
but the bot does need to be let out of prison,but the bot does need to be let out of prison.
ill probably go to sleep soon,ill probably go to sleep soon.
you gonna get anyone else to buy it,you gonna get anyone else to buy it.
comes with a extra copy,comes with a extra copy.
can you really only test in here,can you really only test in here.
will just whisper it,will just whisper it.
always have the good ones,always have the good ones.
what is the cheapest way to travel from one side of London to the other,what is the cheapest way to travel from one side of London to the other.
we talk on the daily,we talk on the daily.
my teeth are white,my teeth are white.
and they gave me a free electric brush,and they gave me a free electric brush.
skype was the best voice program,skype was the best voice program.
they said it was better than a normal one tho,they said it was better than a normal one tho.
if u had a good computer then yeah,if u had a good computer then yeah.
yeah in the glory days,yeah in the glory days.
was mumble was best for minecraft,was mumble was best for minecraft.
youre telling me,youre telling me.
pick up ruby first priorities,pick up ruby first priorities.
eat apple chunk,eat apple chunk.
no swearing please,no swearing please.
You notice a wall of text in twitch chat and your hand instinctively goes to the mouse You scroll up to stop the chat elevator and read the pasta indulging in its delights You soon realize that this pasta conveys no information nor is particularly witty or funny Nevertheless you drag your mouse across hit Ctrl+C then Ctrl+V and press Enter,You notice a wall of text in twitch chat and your hand instinctively goes to the mouse You scroll up to stop the chat elevator and read the pasta indulging in its delights You soon realize that this pasta conveys no information nor is particularly witty or funny Nevertheless you drag your mouse across hit Ctrl+C then Ctrl+V and press Enter.
did this dude just throw all his kids in a cave,did this dude just throw all his kids in a cave.
Every moment is a fresh beginning,Every moment is a fresh beginning.
you need more torches,you need more torches.
this guy has to watch his kids,this guy has to watch his kids.
maybe he can find something better than rubys,maybe he can find something better than rubys.
Be who you were created to be and you will set the world on fire,Be who you were created to be and you will set the world on fire.
whats the name of the game,whats the name of the game.
they were supposed to find some epic loot yea,they were supposed to find some epic loot yea.
yes son is actually someones kid,yes son is actually someones kid.
maybe girder is just like plank,maybe girder is just like plank.
what is the purpose of this game,what is the purpose of this game.
Use platorms to block off fake ways,Use platorms to block off fake ways.
tbh you got nothing else to lose,tbh you got nothing else to lose.
casually holding the son hostage,casually holding the son hostage.
Witcher was not that good but next season would be better,Witcher was not that good but next season would be better.
only Peter Jackson can make decent game movie imo,only Peter Jackson can make decent game movie imo.
FINAL FANTASY WAS GOOD,FINAL FANTASY WAS GOOD.
Sonic if it didnt get delayed it would of been mediocre animation,Sonic if it didnt get delayed it would of been mediocre animation.
warcraft movie was good what are you talking about,warcraft movie was good what are you talking about.
Uncharted movie is coming Tom Holland is lead,Uncharted movie is coming Tom Holland is lead.
ITS BASED ON THE BOOKS CHAT,ITS BASED ON THE BOOKS CHAT.
SEASON 2 IS GONNA BE MUCH BETTER,SEASON 2 IS GONNA BE MUCH BETTER.
Diablo Netflix show soon,Diablo Netflix show soon.
did you altered carbon,did you altered carbon.
i got a body pillow of him and he still didnt follow me,i got a body pillow of him and he still didnt follow me.
any games you looking forward to playing,any games you looking forward to playing.
In the place you were not looking,In the place you were not looking.
go on your profile,go on your profile.
Will you follow me im getting affliate next week,Will you follow me im getting affliate next week.
Can I have a copy of your follower list pls,Can I have a copy of your follower list pls.
crickets for the wow players,crickets for the wow players.
Get a promotion at work,Get a promotion at work.
i did pass my exam ty for asking,i did pass my exam ty for asking.
I just smoked weed all day is that goood too,I just smoked weed all day is that goood too.
Pretty good at work graveyard shift hope your streams been well,Pretty good at work graveyard shift hope your streams been well.
Im just recovering from knee surgery thanks for entertainment,Im just recovering from knee surgery thanks for entertainment.
my hours got cut at work,my hours got cut at work.
Passed my HIV test,Passed my HIV test.
couldve been better but tomorrow is a new day i guess,couldve been better but tomorrow is a new day i guess.
I got two mounts in wow yesterday was a good day,I got two mounts in wow yesterday was a good day.
got work in two hours woke up early and u were live thats a good start,got work in two hours woke up early and u were live thats a good start.
i shipped a six hundred k project at work today finally done with it ,i shipped a six hundred k project at work today finally done with it .
you should play a little hidden gem of a game called Celeste,you should play a little hidden gem of a game called Celeste.
what a legend,what a legend.
Finally he is trying huntress,Finally he is trying huntress.
I matched with you on Grindr message me back dude,I matched with you on Grindr message me back dude.
youll need more females to balance,youll need more females to balance.
Everything will become unbalanced,Everything will become unbalanced.
not as rare if there are too many,not as rare if there are too many.
fifty dollars for some bed socks only to be worn in bed,fifty dollars for some bed socks only to be worn in bed.
do you think im safe to wear them while on the computer,do you think im safe to wear them while on the computer.
what if i spill snackies on them,what if i spill snackies on them.
I wear them in bed,I wear them in bed.
im making fried rice,im making fried rice.
sorry for the really late response,sorry for the really late response.
whats the minecraft server ip,whats the minecraft server ip.
i ate too many fries,i ate too many fries.
cause I dont remember,cause I dont remember.
i mean i did some cosplays,i mean i did some cosplays.
what song is this chat,what song is this chat.
someone wanna tell me what he has,someone wanna tell me what he has.
How much were the lights,How much were the lights.
when are your sweaters showing up,when are your sweaters showing up.
sky is falling by darren styles,sky is falling by darren styles.
a lamp needs to me plugged in Unbelievable,a lamp needs to me plugged in Unbelievable.
why did you leave you other room for the closet ,why did you leave you other room for the closet .
u dont have blinds in bathroom,u dont have blinds in bathroom.
take the red thingy on bottom out,take the red thingy on bottom out.
damn u right next to a bathroom thats hardcore,damn u right next to a bathroom thats hardcore.
good morning chalk chat ,good morning chalk chat .
plug it in Probably needs to charge the internal battery,plug it in Probably needs to charge the internal battery.
You have one already,You have one already.
HOW MANY DO YOU WANT LMAO,HOW MANY DO YOU WANT LMAO.
you should change the language to japanese for faster chat times,you should change the language to japanese for faster chat times.
hop skip jump to quick run the game,hop skip jump to quick run the game.
Karen would like to speak with the manager,Karen would like to speak with the manager.
I NEVER GOT PAST THAT PART,I NEVER GOT PAST THAT PART.
nobody taught me how to play this properly,nobody taught me how to play this properly.
SPIDERS ARE OUR FRIEND ,SPIDERS ARE OUR FRIEND .
what emulator is he using,what emulator is he using.
oh your a speed runner now,oh your a speed runner now.
wow youre FARMING emotes right now,wow youre FARMING emotes right now.
do u need some advices,do u need some advices.
you need another chicken,you need another chicken.
Gerudo Valley might actually be better than Song of storms,Gerudo Valley might actually be better than Song of storms.
i saw you read the comment lmao,i saw you read the comment lmao.
This is still my one all time favorite game,This is still my one all time favorite game.
what is this randomizer thing chat,what is this randomizer thing chat.
Timmy fell in the well,Timmy fell in the well.
you should restart hellmode,you should restart hellmode.
Little boy went to play in the graveyard,Little boy went to play in the graveyard.
Thanks for the answer chat,Thanks for the answer chat.
Does everything still happen in the same order with dungeons n stuff,Does everything still happen in the same order with dungeons n stuff.
You need to use one to fly over the fence where u enter the windmill Then you throw them over,You need to use one to fly over the fence where u enter the windmill Then you throw them over.
For the well also,For the well also.
I love how normie u are lol,I love how normie u are lol.
I LOVE BON JOVI,I LOVE BON JOVI.
hi I am your ex boyfriend I love to see that you growth well and you are doing great I remember when we first kissed your lips were so soft see you forever yours,hi I am your ex boyfriend I love to see that you growth well and you are doing great I remember when we first kissed your lips were so soft see you forever yours.
hey can pls pls host my stream pls dude u wont lose anything but you wll help me Ty for your time piece BIG fan btw,hey can pls pls host my stream pls dude u wont lose anything but you wll help me Ty for your time piece BIG fan btw.
GOOD SHIT,GOOD SHIT.
youre playing out of your mind,youre playing out of your mind.
On behalf on all ADC we thank you for this climb,On behalf on all ADC we thank you for this climb.
thank you sir,thank you sir.
thanks ur the best teacher,thanks ur the best teacher.
u got soul,u got soul.
WOOO LETS GO GOOD LUCK IN YOUR MASTERS PROMOS,WOOO LETS GO GOOD LUCK IN YOUR MASTERS PROMOS.
kisses you goodluck,kisses you goodluck.
Good luck buddy Im rooting for you,Good luck buddy Im rooting for you.
GOOD LUCKKKKKKKKKKKKKKKKKKKKKKKKKKKKKKKKKKKKKKKKKKKKKKKKKKKKKKKKKKKKKKKKKKKKKKKKKKKKKKKKKKKKKKKK YOU GOT THIS,GOOD LUCKKKKKKKKKKKKKKKKKKKKKKKKKKKKKKKKKKKKKKKKKKKKKKKKKKKKKKKKKKKKKKKKKKKKKKKKKKKKKKKKKKKKKKKK YOU GOT THIS.
Good luck in your promos buddy,Good luck in your promos buddy.
dude wtf ur godlike rn,dude wtf ur godlike rn.
this is so fucking hype lol I WAS HERE,this is so fucking hype lol I WAS HERE.
IVE NEVER SEEN YOU POP OFF LIKE THIS,IVE NEVER SEEN YOU POP OFF LIKE THIS.
please tell me the name of this song i need to find more like it,please tell me the name of this song i need to find more like it.
you are amazing,you are amazing.
i love you even though im poor,i love you even though im poor.
u should isten to LTJM NUKEM U OULD LOVE IT,u should isten to LTJM NUKEM U OULD LOVE IT.
LETS FUCKING GO GET THIS FUCKING W END THE WEEK STRONG AS FUCK BABY LOVE YOUR STREAMS KEEP IT UP,LETS FUCKING GO GET THIS FUCKING W END THE WEEK STRONG AS FUCK BABY LOVE YOUR STREAMS KEEP IT UP.
hi i am new to twitch and stram league is my passion and i love alpha i wear shirt every day REFORMED thanks,hi i am new to twitch and stram league is my passion and i love alpha i wear shirt every day REFORMED thanks.
Ive been working a lot so I havent had a lot of time to watch you but its a pleasure to watch now GL in ur game,Ive been working a lot so I havent had a lot of time to watch you but its a pleasure to watch now GL in ur game.
just relax youre fine bro,just relax youre fine bro.
ty so much man much love,ty so much man much love.
Chat send some love and inspiration to,Chat send some love and inspiration to.
that was painful to watch but I still love you,that was painful to watch but I still love you.
WE ARE THE CHAMPIONSSSSSS,WE ARE THE CHAMPIONSSSSSS.
YOU ARE A LEGEND,YOU ARE A LEGEND.
YOU ARE INSANE BROTHER,YOU ARE INSANE BROTHER.
IF ANYONE COULD DO IT ITS YOU THE BEST FUCKING PLAYER IN THE GODDAMN WORLD,IF ANYONE COULD DO IT ITS YOU THE BEST FUCKING PLAYER IN THE GODDAMN WORLD.
love you bro,love you bro.
I WAAAS THERE LETS GOOOO,I WAAAS THERE LETS GOOOO.
YOU ARE A GOD DAMN GOD,YOU ARE A GOD DAMN GOD.
HAHAHAHAH YOURE A GOD,HAHAHAHAH YOURE A GOD.
that was clean as fuck tho,that was clean as fuck tho.
YOU FUCKING GOT THIS,YOU FUCKING GOT THIS.
IF U WIN THIS GAME DO U REALIZE WHAT THIS WILL MEAN FOR ADC MAINS AROUND THE WORLD U WOULD BE A GOD TO US,IF U WIN THIS GAME DO U REALIZE WHAT THIS WILL MEAN FOR ADC MAINS AROUND THE WORLD U WOULD BE A GOD TO US.
MOST HUMBLE MAN,MOST HUMBLE MAN.
have a great weekend man,have a great weekend man.
YOU FUCKING GREATEST MAN ALL TIMS,YOU FUCKING GREATEST MAN ALL TIMS.
IVE ALWAYS MADE FUN OF YOU FOR YEARS CHECK LOGS BUT TODAY YOU EARNED MY FULL RESPECT MAN FOR ONE MONTH I WILL SHOW YOU NOTHING BUT RESPECT THEN BACK TO CALLING YOU A BITCH BUT RESPECT MAN,IVE ALWAYS MADE FUN OF YOU FOR YEARS CHECK LOGS BUT TODAY YOU EARNED MY FULL RESPECT MAN FOR ONE MONTH I WILL SHOW YOU NOTHING BUT RESPECT THEN BACK TO CALLING YOU A BITCH BUT RESPECT MAN.
This shit is inspirational,This shit is inspirational.
You cant hate on now,You cant hate on now.
HELLO I JUST WANT YOU TO KNOW THAT I LOVE YOUR STREAMS AND YOUTUBE VIDEOS,HELLO I JUST WANT YOU TO KNOW THAT I LOVE YOUR STREAMS AND YOUTUBE VIDEOS.
I love turtles,I love turtles.
i really love because he is so relatable,i really love because he is so relatable.
ABSOLUTE LEGEND THIS MIDGET KID MAN,ABSOLUTE LEGEND THIS MIDGET KID MAN.
she just farmed wolves instead of a full bot wave,she just farmed wolves instead of a full bot wave.
face of league wtf this man is insane,face of league wtf this man is insane.
stop forgetting the assist they actually matter,stop forgetting the assist they actually matter.
HOLY SHIT WERE SORRY PLEASE CALM DOWN,HOLY SHIT WERE SORRY PLEASE CALM DOWN.
my man looking good right now,my man looking good right now.
its actually clean on lee sin,its actually clean on lee sin.
ULTRA INSTINCT,ULTRA INSTINCT.
HES STARTING TO BELIEVE,HES STARTING TO BELIEVE.
WHO IS THIS GUY HOOOOLY,WHO IS THIS GUY HOOOOLY.
ACTUAL SMURF,ACTUAL SMURF.
WE ARE FUCKING WITNESSING A CHALLENGER JUNGLE,WE ARE FUCKING WITNESSING A CHALLENGER JUNGLE.
HES PLAYING OUT OF HIS MIND,HES PLAYING OUT OF HIS MIND.
How the frick are you not challenger,How the frick are you not challenger.
is this for his masters promo,is this for his masters promo.
wait hes a challenger jungler,wait hes a challenger jungler.
HES TAKING EVERYTHING WTF,HES TAKING EVERYTHING WTF.
DAMN NEAR TRUE THOUGH RANK DONT LIE,DAMN NEAR TRUE THOUGH RANK DONT LIE.
AGAINST ALL THE ODDS,AGAINST ALL THE ODDS.
against what ods there where never any doubt,against what ods there where never any doubt.
HOW MUCH DID YOU PAY RIOT,HOW MUCH DID YOU PAY RIOT.
dom said you wouldnt ever get past diamond,dom said you wouldnt ever get past diamond.
Demoted on Monday,Demoted on Monday.
what is happening,what is happening.
actually so true tho,actually so true tho.
FREAK OF NATURE A GOD A BEAST BEST LEAGUE PLAYER ALIVE JG DIFF EASILY,FREAK OF NATURE A GOD A BEAST BEST LEAGUE PLAYER ALIVE JG DIFF EASILY.
enemy team shook in champ select,enemy team shook in champ select.
it is nothing really,it is nothing really.
Finally in promos,Finally in promos.
now climb to master with mid,now climb to master with mid.
its really impressive actually,its really impressive actually.
ATHLETIC FREAK OF NATURE,ATHLETIC FREAK OF NATURE.
Its the final countdown,Its the final countdown.
Legit impressive,Legit impressive.
people will never give you credit no matter how high you perform,people will never give you credit no matter how high you perform.
HE SAID HE AINT PAYING,HE SAID HE AINT PAYING.
These teams better offer a few mil so they can get him for worlds,These teams better offer a few mil so they can get him for worlds.
he says he wont pay,he says he wont pay.
get challenger jump back in already,get challenger jump back in already.
okay spongebob,okay spongebob.
you can try new champs now,you can try new champs now.
you should have jgd for twitch rivals,you should have jgd for twitch rivals.
what do we do in the weekends,what do we do in the weekends.
name of that emotional song,name of that emotional song.
when did the stream end,when did the stream end.
who has the most points here,who has the most points here.
that fucking mastsers promo legit made me nervous,that fucking mastsers promo legit made me nervous.
i was sweating irl watching a streamer,i was sweating irl watching a streamer.
Yeah they did it,Yeah they did it.
Did they win,Did they win.
he got to masters,he got to masters.
i thought there was a stream today,i thought there was a stream today.
whoever makes these intros deserves a raise,whoever makes these intros deserves a raise.
ill be back i have to take my cat out,ill be back i have to take my cat out.
i got bills to pay ma,i got bills to pay ma.
U need to make youtube vids girl,U need to make youtube vids girl.
Weve been waiting for five years,Weve been waiting for five years.
Get your before shots,Get your before shots.
Getting it twisted,Getting it twisted.
queen of dancing,queen of dancing.
didnt wanna lose today but too late,didnt wanna lose today but too late.
Hey stunning queen icon,Hey stunning queen icon.
this is fucking hysterical,this is fucking hysterical.
that last dancing clip is the best thing Ive ever seen,that last dancing clip is the best thing Ive ever seen.
HI BEAUTIFUL,HI BEAUTIFUL.
Hello I hope youre having a nice day,Hello I hope youre having a nice day.
Am i a good boy,Am i a good boy.
I missed u Queen,I missed u Queen.
you look good queen,you look good queen.
song about his daughter btw,song about his daughter btw.
I have a couch that looks just like that,I have a couch that looks just like that.
YEA IT IS SO BEAUTIFUL TONIGHT ,YEA IT IS SO BEAUTIFUL TONIGHT .
hi i want to say you are an inspiration to me hi i want to say you are an inspiration to me i want to say you are an inspiration to me,hi i want to say you are an inspiration to me hi i want to say you are an inspiration to me i want to say you are an inspiration to me.
What are you smoking,What are you smoking.
What Strain is ur Favorite,What Strain is ur Favorite.
Damn your hair is shinning like the stars,Damn your hair is shinning like the stars.
shouldve given that money to bernies campaign,shouldve given that money to bernies campaign.
are those all brands you'll be selling at your WeedDonalds franchise,are those all brands you'll be selling at your WeedDonalds franchise.
whats on the schedule for today,whats on the schedule for today.
I SPOKE THIS INTO EXISTENCE YESS,I SPOKE THIS INTO EXISTENCE YESS.
wish i was the bong,wish i was the bong.
A SOUTHERN OLD WOMAN,A SOUTHERN OLD WOMAN.
too close to real life tho,too close to real life tho.
I think her name should be tammy,I think her name should be tammy.
WATCH AN EPISODE OF HOARDERS FOR INSPIRATION,WATCH AN EPISODE OF HOARDERS FOR INSPIRATION.
it sounds authentic,it sounds authentic.
it needs some work,it needs some work.
no she sounds too cute you need to make her sounds trashier,no she sounds too cute you need to make her sounds trashier.
I like it actually,I like it actually.
that would be top tier,that would be top tier.
yeah great character,yeah great character.
what is character name,what is character name.
needs more raspyness,needs more raspyness.
it dont sound that old but its fine,it dont sound that old but its fine.
are we making commercials,are we making commercials.
im trying to level the fuck up okay,im trying to level the fuck up okay.
hahaha the pushups always get me,hahaha the pushups always get me.
FOCUS FACTOR DUDE,FOCUS FACTOR DUDE.
she was unclogging the toilet,she was unclogging the toilet.
she looks like she was born to do it,she looks like she was born to do it.
she killin the game rightnow,she killin the game rightnow.
Shes the most beautiful creature on the planet,Shes the most beautiful creature on the planet.
she used the tiktok dance in the music video,she used the tiktok dance in the music video.
shes gonna go big for sure,shes gonna go big for sure.
how are there still more memes lol,how are there still more memes lol.
what are u watching,what are u watching.
shes talking about u,shes talking about u.
cant escape Wendy,cant escape Wendy.
you dont get no Lady Gaga,you dont get no Lady Gaga.
who is your favorite character,who is your favorite character.
QUICK SOMEONE,QUICK SOMEONE.
im so excited,im so excited.
kindness punks,kindness punks.
i sleep for peace,i sleep for peace.
The spiritual ones pray,The spiritual ones pray.
album title hint prob,album title hint prob.
I think she forgot her pants,I think she forgot her pants.
she is so fabulous,she is so fabulous.
can you link it in chat,can you link it in chat.
No one can defeat the TRON,No one can defeat the TRON.
you look showered,you look showered.
never drink Corona,never drink Corona.
one time i bit into a mcgriddle and pulled out a piece of plastic,one time i bit into a mcgriddle and pulled out a piece of plastic.
do it so we dont have to hear that coughing,do it so we dont have to hear that coughing.
Have you tried making edibles at home,Have you tried making edibles at home.
Damn big boy got that,Damn big boy got that.
u always say ur voice is annoying but u know u sound sexy queen,u always say ur voice is annoying but u know u sound sexy queen.
SHE DOESNT LET THE OTHER CONTROL HER SPEECH OF THE GIRLS,SHE DOESNT LET THE OTHER CONTROL HER SPEECH OF THE GIRLS.
I have never gotten the hype train,I have never gotten the hype train.
who are they,who are they.
Whose a good boy,Whose a good boy.
Wow what a goodboy,Wow what a goodboy.
omg gta continent ive never seen it,omg gta continent ive never seen it.
do you have a Super Nintendo,do you have a Super Nintendo.
That little train conductor badge is kinda cool,That little train conductor badge is kinda cool.
do people still use team speak in 2020 wow,do people still use team speak in 2020 wow.
What game are we playing,What game are we playing.
Did you see my video in your whispers,Did you see my video in your whispers.
My feet smell like Caesar salad my feet smell like Caesar salad,My feet smell like Caesar salad my feet smell like Caesar salad.
ive been really stingy with my amazon prime but im considering giving it up to you,ive been really stingy with my amazon prime but im considering giving it up to you.
we complain for room of improvement,we complain for room of improvement.
omg gta san andreas music,omg gta san andreas music.
thanks for being on time today,thanks for being on time today.
anyone else want a twitter follow im on a following spree,anyone else want a twitter follow im on a following spree.
Was fucking nice of you anyway,Was fucking nice of you anyway.
these are real americans,these are real americans.
is this the new Barney Show,is this the new Barney Show.
i fucking love america holy shit,i fucking love america holy shit.
wet to cool them selfs down,wet to cool them selfs down.
I get you but i loved going out with you in Nashville and Chicago,I get you but i loved going out with you in Nashville and Chicago.
when the movie Titanic first released I went to the theatre with my gf and at the very start of the movie I yelled out loud oh I member this the boat sinks,when the movie Titanic first released I went to the theatre with my gf and at the very start of the movie I yelled out loud oh I member this the boat sinks.
love the clothes,love the clothes.
im in love with you,im in love with you.
Love the outfit happy friiii,Love the outfit happy friiii.
I think that's eye shadow Its all color coordinated Very lovely madame,I think that's eye shadow Its all color coordinated Very lovely madame.
Kisses for you,Kisses for you.
love your hair,love your hair.
i love you,i love you.
Yummy pizza arrived I love you all I go to background sound,Yummy pizza arrived I love you all I go to background sound.
Hey dude Much love Not just to your beauty your effort your craft your anger or your beautiful dreams of caring for animals but for all other things unknown which push you to do what you do in order to find true spiritual happiness Much love really hate me or not  I wish you good,Hey dude Much love Not just to your beauty your effort your craft your anger or your beautiful dreams of caring for animals but for all other things unknown which push you to do what you do in order to find true spiritual happiness Much love really hate me or not  I wish you good.
Shes very serious about her ASMR craft,Shes very serious about her ASMR craft.
i love her ASMR i really enjoy it,i love her ASMR i really enjoy it.
Her asmr is really good i wish she uploaded more content on YT,Her asmr is really good i wish she uploaded more content on YT.
even when she talks her voice sounds musical,even when she talks her voice sounds musical.
Shes making bank of all these ASMR stream goals holy macaroni,Shes making bank of all these ASMR stream goals holy macaroni.
damn she is so hot on IG,damn she is so hot on IG.
She is awesome,She is awesome.
she is a mermaid,she is a mermaid.
She used to play while doing triggers it was relaxing,She used to play while doing triggers it was relaxing.
she is pretty yes lil man,she is pretty yes lil man.
isnt she fabulous,isnt she fabulous.
Good evening morning to you I hope you have a fun time today,Good evening morning to you I hope you have a fun time today.
nice shirt,nice shirt.
you could whisper innto my ears all you want,you could whisper innto my ears all you want.
hi sleep well after asmr ,hi sleep well after asmr .
how u doin in joey voice from friends,how u doin in joey voice from friends.
Im gonna sub soon I really like your streams,Im gonna sub soon I really like your streams.
You have a sound of an angel,You have a sound of an angel.
Can we go on a half blind date,Can we go on a half blind date.
Cheer up Smile,Cheer up Smile.
That dog is sooo smart,That dog is sooo smart.
are you going to vote for bernie sanders he fights for all working people including you,are you going to vote for bernie sanders he fights for all working people including you.
Hi from Turkey Turkish people love u,Hi from Turkey Turkish people love u.
your dinosaur friend looks really cute What's her name,your dinosaur friend looks really cute What's her name.
Nox would jumped in to it already lol,Nox would jumped in to it already lol.
you look nice,you look nice.
gift subs or donations what do you prefer I know this is your job but you are so naturally beautiful even when your sick Am a single army captain trying to find someone ok with moving every three years As long as you have internet right Lol worth confessing my love for you right,gift subs or donations what do you prefer I know this is your job but you are so naturally beautiful even when your sick Am a single army captain trying to find someone ok with moving every three years As long as you have internet right Lol worth confessing my love for you right.
damn beautiful,damn beautiful.
I love living in Texas,I love living in Texas.
Thanks for take the dino into the pool,Thanks for take the dino into the pool.
damn gorgeous,damn gorgeous.
Bring enough for all of us,Bring enough for all of us.
Good evening I wish you a wonderful day from Germany Much love,Good evening I wish you a wonderful day from Germany Much love.
youre making me want ice cream,youre making me want ice cream.
thats smart,thats smart.
Good Job healing yourself,Good Job healing yourself.
You are gorgeous I love you,You are gorgeous I love you.
And you can show your dog your,And you can show your dog your.
u look fantastic,u look fantastic.
you look like scarlet Johnson i bet you here that alot you even got the same weird voice,you look like scarlet Johnson i bet you here that alot you even got the same weird voice.
take it or leave,take it or leave.
Now when she says pool stream does she mean,Now when she says pool stream does she mean.
there goes the notification,there goes the notification.
pool stream is tommrow right,pool stream is tommrow right.
i am too tired to read,i am too tired to read.
morning my red sun,morning my red sun.
Dammit Ill BRB I need to run to the store for some snacks real quick,Dammit Ill BRB I need to run to the store for some snacks real quick.
Tomorrow talk to Tammy,Tomorrow talk to Tammy.
when does she start stream,when does she start stream.
Tiny things think tamely Tuesdays and Thursdays,Tiny things think tamely Tuesdays and Thursdays.
lets see u make a basket on that hoop,lets see u make a basket on that hoop.
Whos that at the Fence,Whos that at the Fence.
does he swim,does he swim.
Are you going in the water,Are you going in the water.
you are the sun,you are the sun.
What are your plans today,What are your plans today.
you dont have to teach a dog,you dont have to teach a dog.
there a guy in a trechcoat,there a guy in a trechcoat.
how deep is the pool,how deep is the pool.
the schools were closed for carona virus,the schools were closed for carona virus.
I wanna pop that dinasoar,I wanna pop that dinasoar.
how much does implants cost,how much does implants cost.
Now you really look like Misty from pokemon,Now you really look like Misty from pokemon.
where is a pool board,where is a pool board.
can we have a tour of ur garden please,can we have a tour of ur garden please.
watching someone cook food,watching someone cook food.
what are you drinking,what are you drinking.
you need one good partner for more fun LOL,you need one good partner for more fun LOL.
Have an underwater breath hold,Have an underwater breath hold.
Or maybe just hang out with a friend And not alone,Or maybe just hang out with a friend And not alone.
Take a dive into the water,Take a dive into the water.
hes all about that compromise meet me halfway lol,hes all about that compromise meet me halfway lol.
I need to go to the bathroom when i saw this,I need to go to the bathroom when i saw this.
command doesnt work,command doesnt work.
because we are sheep,because we are sheep.
I think this side of the pool also needs cleaned,I think this side of the pool also needs cleaned.
what is ride the plane,what is ride the plane.
Why is the content so far away,Why is the content so far away.
The Beauty is on duty,The Beauty is on duty.
clothes not required here,clothes not required here.
she is so beautifull don t you think,she is so beautifull don t you think.
bear knows were here,bear knows were here.
can you guys keep it down in here my parents are trying to sleep,can you guys keep it down in here my parents are trying to sleep.
yeah find some lotion and a dark room with a lock on the door and leave us alone,yeah find some lotion and a dark room with a lock on the door and leave us alone.
how can u doing squat can show us,how can u doing squat can show us.
you look amazing in that suit im good don't need more than that,you look amazing in that suit im good don't need more than that.
I just want you to look up at me,I just want you to look up at me.
i could sit here all day,i could sit here all day.
do you have a migraneeee,do you have a migraneeee.
i am a menace,i am a menace.
u have a nice Weather there what Temperatur it is,u have a nice Weather there what Temperatur it is.
Hi there Lurkers,Hi there Lurkers.
how are you,how are you.
havent seen you name for a bit how are you,havent seen you name for a bit how are you.
Im doing fantastic I just mostly doing watching,Im doing fantastic I just mostly doing watching.
But I am trying to be a little more active,But I am trying to be a little more active.
most of them are about to be FDA approved,most of them are about to be FDA approved.
thats a really intriguing view of the future,thats a really intriguing view of the future.
It's the actual Khala Were protoss confirmed,It's the actual Khala Were protoss confirmed.
What are your thoughts of body painting on stream Would you ever do it,What are your thoughts of body painting on stream Would you ever do it.
Wait does that mean we will then theoretically have past lives,Wait does that mean we will then theoretically have past lives.
If everyone perceives a different reality what is real,If everyone perceives a different reality what is real.
just farted and blew the sheets off my bed its cold now,just farted and blew the sheets off my bed its cold now.
That time scientists plotted galaxy positions and the resulting map looked like a brain cell mind blown,That time scientists plotted galaxy positions and the resulting map looked like a brain cell mind blown.
Sounds like the beginning of a dystopian nightmare,Sounds like the beginning of a dystopian nightmare.
So you want to Cheat evolution learning I understand the eazy way out but where is the fun in it,So you want to Cheat evolution learning I understand the eazy way out but where is the fun in it.
if a girl and a boy unite and make science it becomes gravity,if a girl and a boy unite and make science it becomes gravity.
is it actually comfortable to wear your sweatshirt like that,is it actually comfortable to wear your sweatshirt like that.
Art could really use some help but why would you want someone who worked hard on an ability be passed by someone who spent no time on it,Art could really use some help but why would you want someone who worked hard on an ability be passed by someone who spent no time on it.
Hope you feel better soon,Hope you feel better soon.
That all sounds like a terrible time to live through that whole idea,That all sounds like a terrible time to live through that whole idea.
I AM so thirsty i love water,I AM so thirsty i love water.
Will you ever do a body painting stream,Will you ever do a body painting stream.
what did you take in college,what did you take in college.
are you telling me the internet lies,are you telling me the internet lies.
Life is a mental roller coaster,Life is a mental roller coaster.
also u need a human pro to interpret the resukts,also u need a human pro to interpret the resukts.
if you were able to cure or fix your disabilities would you do it,if you were able to cure or fix your disabilities would you do it.
You are a flower,You are a flower.
you are very pretty,you are very pretty.
most people do NOT have adhd its just that people can also have the same things as ADHD,most people do NOT have adhd its just that people can also have the same things as ADHD.
you are super cute,you are super cute.
i love your tics,i love your tics.
yes marbles is done for today,yes marbles is done for today.
shes prolly still watching the videos,shes prolly still watching the videos.
Step right up get your pitch forks and torches,Step right up get your pitch forks and torches.
we can hear you,we can hear you.
Guess whos back Back again,Guess whos back Back again.
Heard a pop and looked up to see she's back,Heard a pop and looked up to see she's back.
we died on the snake one,we died on the snake one.
Frozen for me,Frozen for me.
sorry had to refresh idk if i missed any chat or anything,sorry had to refresh idk if i missed any chat or anything.
Probably behind your cam Make cam smaller,Probably behind your cam Make cam smaller.
Maybe you have game capture instead of screen capture,Maybe you have game capture instead of screen capture.
well is the browser connected to the site,well is the browser connected to the site.
try removing and readding the element,try removing and readding the element.
It was as good as your history lesson,It was as good as your history lesson.
Turn up volume plz,Turn up volume plz.
the seal of approval,the seal of approval.
why you whistle so much,why you whistle so much.
i eat a lot myself,i eat a lot myself.
this is the greatest thing since sliced bread,this is the greatest thing since sliced bread.
I want bread now,I want bread now.
yall making her hungry now,yall making her hungry now.
with hummus and pickles,with hummus and pickles.
No i dont need that,No i dont need that.
Not my mother,Not my mother.
Just eat a pickle,Just eat a pickle.
holy shit she hammered,holy shit she hammered.
omg now im hungry,omg now im hungry.
That wasnt a tick,That wasnt a tick.
You already lost me at hummus,You already lost me at hummus.
well this is a time to come to this stream,well this is a time to come to this stream.
Not my mother,Not my mother.
We must be halfway through the rum now,We must be halfway through the rum now.
hey someone that i dont know gifted me sub,hey someone that i dont know gifted me sub.
what would you do if you found a group of tiny people at one cm in size,what would you do if you found a group of tiny people at one cm in size.
that movie is legend,that movie is legend.
best movie ever,best movie ever.
is going to be sooooooo hungover tomorrow,is going to be sooooooo hungover tomorrow.
This needs more Base,This needs more Base.
which countrys masterchef is this,which countrys masterchef is this.
How else are you going to eat cereal,How else are you going to eat cereal.
thank you for this jam,thank you for this jam.
there are actually days when i dont rewatch this vid,there are actually days when i dont rewatch this vid.
i like the buttery biscuit base,i like the buttery biscuit base.
bajs is poo in swedish sound pretty fun,bajs is poo in swedish sound pretty fun.
are you watching the new series of this,are you watching the new series of this.
Where are you going with this,Where are you going with this.
who was the human that made this,who was the human that made this.
i could live without that,i could live without that.
Nothing makes sense in this stream,Nothing makes sense in this stream.
I like turtles,I like turtles.
my bean my city bean,my bean my city bean.
Like a poor mans Flight of the Conchords,Like a poor mans Flight of the Conchords.
yes but I agree,yes but I agree.
nah it was good,nah it was good.
Oh shit kinda does look like popple,Oh shit kinda does look like popple.
Shes a good mother,Shes a good mother.
dude she stormed in the room like in a fking cartoon,dude she stormed in the room like in a fking cartoon.
if youve never seen that one before,if youve never seen that one before.
SHES TRYING TO STOP LOL,SHES TRYING TO STOP LOL.
Dragged out off screen,Dragged out off screen.
vid sound too low,vid sound too low.
I think discomboblulated is the right word LUL,I think discomboblulated is the right word LUL.
Future skyscraper builder,Future skyscraper builder.
drunk is my favorate thing to watch now,drunk is my favorate thing to watch now.
i litterly just got back what happened,i litterly just got back what happened.
Rather funny than gnomes LUL,Rather funny than gnomes LUL.
yeah shes smashed,yeah shes smashed.
Haha I just cant even right now this is soo much Hilarious right now for me to even handle,Haha I just cant even right now this is soo much Hilarious right now for me to even handle.
